INSERT INTO `Product` (`prod_id`, `prod_name`) VALUES ('1', 'Headphones');
INSERT INTO `Product` (`prod_id`, `prod_name`) VALUES ('2', 'Pants');
INSERT INTO `Product` (`prod_id`, `prod_name`) VALUES ('3', 'Shirt1');
INSERT INTO `Product` (`prod_id`, `prod_name`) VALUES ('4', 'Shirt2');
INSERT INTO `Product` (`prod_id`, `prod_name`) VALUES ('5', 'Shirt3');
INSERT INTO `Product` (`prod_id`, `prod_name`) VALUES ('6', 'Shoes');
INSERT INTO `Product` (`prod_id`, `prod_name`) VALUES ('7', 'Hat1');
INSERT INTO `Product` (`prod_id`, `prod_name`) VALUES ('8', 'Hat2');
INSERT INTO `Product` (`prod_id`, `prod_name`) VALUES ('9', 'Belt');

INSERT INTO `ProdPrices` (`PrPr_Prod_id`, `PrPr_Price`) VALUES (1, 25.50);
INSERT INTO `ProdPrices` (`PrPr_Prod_id`, `PrPr_Price`) VALUES (2, 19.99);
INSERT INTO `ProdPrices` (`PrPr_Prod_id`, `PrPr_Price`) VALUES (3, 15.00);
INSERT INTO `ProdPrices` (`PrPr_Prod_id`, `PrPr_Price`) VALUES (4, 22.00);
INSERT INTO `ProdPrices` (`PrPr_Prod_id`, `PrPr_Price`) VALUES (5, 19.99);
INSERT INTO `ProdPrices` (`PrPr_Prod_id`, `PrPr_Price`) VALUES (6, 30.00);
INSERT INTO `ProdPrices` (`PrPr_Prod_id`, `PrPr_Price`) VALUES (7, 10.00);
INSERT INTO `ProdPrices` (`PrPr_Prod_id`, `PrPr_Price`) VALUES (8, 12.00);
INSERT INTO `ProdPrices` (`PrPr_Prod_id`, `PrPr_Price`) VALUES (9, 9.99);

INSERT INTO `Attribute` (`id`, `name`, `Product_prod_id`) VALUES ('1', 'colour', '1');
INSERT INTO `Attribute` (`id`, `name`, `Product_prod_id`) VALUES ('2', 'size', '1');
INSERT INTO `Attribute` (`id`, `name`, `Product_prod_id`) VALUES ('3', 'colour', '2');
INSERT INTO `Attribute` (`id`, `name`, `Product_prod_id`) VALUES ('4', 'size', '2');
INSERT INTO `Attribute` (`id`, `name`, `Product_prod_id`) VALUES ('5', 'colour', '3');
INSERT INTO `Attribute` (`id`, `name`, `Product_prod_id`) VALUES ('6', 'size', '3');
INSERT INTO `Attribute` (`id`, `name`, `Product_prod_id`) VALUES ('7', 'gender', '3');
INSERT INTO `Attribute` (`id`, `name`, `Product_prod_id`) VALUES ('8', 'colour', '4');
INSERT INTO `Attribute` (`id`, `name`, `Product_prod_id`) VALUES ('9', 'size', '4');
INSERT INTO `Attribute` (`id`, `name`, `Product_prod_id`) VALUES ('10', 'gender', '4');
INSERT INTO `Attribute` (`id`, `name`, `Product_prod_id`) VALUES ('11', 'colour', '5');
INSERT INTO `Attribute` (`id`, `name`, `Product_prod_id`) VALUES ('12', 'size', '5');
INSERT INTO `Attribute` (`id`, `name`, `Product_prod_id`) VALUES ('13', 'gender', '5');
INSERT INTO `Attribute` (`id`, `name`, `Product_prod_id`) VALUES ('14', 'size', '6');
INSERT INTO `Attribute` (`id`, `name`, `Product_prod_id`) VALUES ('15', 'colour', '7');
INSERT INTO `Attribute` (`id`, `name`, `Product_prod_id`) VALUES ('16', 'size', '8');
INSERT INTO `Attribute` (`id`, `name`, `Product_prod_id`) VALUES ('17', 'size', '9');

INSERT INTO `AttributeValue` (`AttrVal_id`, `AttrVal_Value`, `AttrVal_Attr_id`, `AttrVal_Prod_id`, `AttrVal_Price`) VALUES ('1', 'black black', '1', '1', '0');
INSERT INTO `AttributeValue` (`AttrVal_id`, `AttrVal_Value`, `AttrVal_Attr_id`, `AttrVal_Prod_id`, `AttrVal_Price`) VALUES ('2', 'black blue', '1', '1', '0');
INSERT INTO `AttributeValue` (`AttrVal_id`, `AttrVal_Value`, `AttrVal_Attr_id`, `AttrVal_Prod_id`, `AttrVal_Price`) VALUES ('3', 'black green', '1', '1', '0');
INSERT INTO `AttributeValue` (`AttrVal_id`, `AttrVal_Value`, `AttrVal_Attr_id`, `AttrVal_Prod_id`, `AttrVal_Price`) VALUES ('4', 'red black', '1', '1', '0');
INSERT INTO `AttributeValue` (`AttrVal_id`, `AttrVal_Value`, `AttrVal_Attr_id`, `AttrVal_Prod_id`, `AttrVal_Price`) VALUES ('5', 'red blue', '1', '1', '0');
INSERT INTO `AttributeValue` (`AttrVal_id`, `AttrVal_Value`, `AttrVal_Attr_id`, `AttrVal_Prod_id`, `AttrVal_Price`) VALUES ('6', 'small', '2', '1', '0');
INSERT INTO `AttributeValue` (`AttrVal_id`, `AttrVal_Value`, `AttrVal_Attr_id`, `AttrVal_Prod_id`, `AttrVal_Price`) VALUES ('7', 'medium', '2', '1', '0');
INSERT INTO `AttributeValue` (`AttrVal_id`, `AttrVal_Value`, `AttrVal_Attr_id`, `AttrVal_Prod_id`, `AttrVal_Price`) VALUES ('8', 'large', '2', '1', '0.50');
INSERT INTO `AttributeValue` (`AttrVal_id`, `AttrVal_Value`, `AttrVal_Attr_id`, `AttrVal_Prod_id`, `AttrVal_Price`) VALUES ('9', 'black', '3', '2', '0');
INSERT INTO `AttributeValue` (`AttrVal_id`, `AttrVal_Value`, `AttrVal_Attr_id`, `AttrVal_Prod_id`, `AttrVal_Price`) VALUES ('10', 'green', '3', '2', '0');
INSERT INTO `AttributeValue` (`AttrVal_id`, `AttrVal_Value`, `AttrVal_Attr_id`, `AttrVal_Prod_id`, `AttrVal_Price`) VALUES ('11', 'red', '3', '2', '0');
INSERT INTO `AttributeValue` (`AttrVal_id`, `AttrVal_Value`, `AttrVal_Attr_id`, `AttrVal_Prod_id`, `AttrVal_Price`) VALUES ('12', 'white', '3', '2', '0');
INSERT INTO `AttributeValue` (`AttrVal_id`, `AttrVal_Value`, `AttrVal_Attr_id`, `AttrVal_Prod_id`, `AttrVal_Price`) VALUES ('13', '70-72', '4', '2', '0');
INSERT INTO `AttributeValue` (`AttrVal_id`, `AttrVal_Value`, `AttrVal_Attr_id`, `AttrVal_Prod_id`, `AttrVal_Price`) VALUES ('14', '74-76', '4', '2', '0');
INSERT INTO `AttributeValue` (`AttrVal_id`, `AttrVal_Value`, `AttrVal_Attr_id`, `AttrVal_Prod_id`, `AttrVal_Price`) VALUES ('15', '78-80', '4', '2', '0');
INSERT INTO `AttributeValue` (`AttrVal_id`, `AttrVal_Value`, `AttrVal_Attr_id`, `AttrVal_Prod_id`, `AttrVal_Price`) VALUES ('16', 'blue', '5', '3', '0');
INSERT INTO `AttributeValue` (`AttrVal_id`, `AttrVal_Value`, `AttrVal_Attr_id`, `AttrVal_Prod_id`, `AttrVal_Price`) VALUES ('17', 'green', '5', '3', '0');
INSERT INTO `AttributeValue` (`AttrVal_id`, `AttrVal_Value`, `AttrVal_Attr_id`, `AttrVal_Prod_id`, `AttrVal_Price`) VALUES ('18', 'grey', '5', '3', '0');
INSERT INTO `AttributeValue` (`AttrVal_id`, `AttrVal_Value`, `AttrVal_Attr_id`, `AttrVal_Prod_id`, `AttrVal_Price`) VALUES ('19', 'orange', '5', '3', '0');
INSERT INTO `AttributeValue` (`AttrVal_id`, `AttrVal_Value`, `AttrVal_Attr_id`, `AttrVal_Prod_id`, `AttrVal_Price`) VALUES ('20', 'pink', '5', '3', '0');
INSERT INTO `AttributeValue` (`AttrVal_id`, `AttrVal_Value`, `AttrVal_Attr_id`, `AttrVal_Prod_id`, `AttrVal_Price`) VALUES ('21', 'small', '6', '3', '0');
INSERT INTO `AttributeValue` (`AttrVal_id`, `AttrVal_Value`, `AttrVal_Attr_id`, `AttrVal_Prod_id`, `AttrVal_Price`) VALUES ('22', 'medium', '6', '3', '0');
INSERT INTO `AttributeValue` (`AttrVal_id`, `AttrVal_Value`, `AttrVal_Attr_id`, `AttrVal_Prod_id`, `AttrVal_Price`) VALUES ('23', 'large', '6', '3', '0');
INSERT INTO `AttributeValue` (`AttrVal_id`, `AttrVal_Value`, `AttrVal_Attr_id`, `AttrVal_Prod_id`, `AttrVal_Price`) VALUES ('24', 'extra large', '6', '3', '1.00');
INSERT INTO `AttributeValue` (`AttrVal_id`, `AttrVal_Value`, `AttrVal_Attr_id`, `AttrVal_Prod_id`, `AttrVal_Price`) VALUES ('25', 'male', '7', '3', '0');
INSERT INTO `AttributeValue` (`AttrVal_id`, `AttrVal_Value`, `AttrVal_Attr_id`, `AttrVal_Prod_id`, `AttrVal_Price`) VALUES ('26', 'female', '7', '3', '0');
INSERT INTO `AttributeValue` (`AttrVal_id`, `AttrVal_Value`, `AttrVal_Attr_id`, `AttrVal_Prod_id`, `AttrVal_Price`) VALUES ('27', 'red blue', '8', '4', '0');
INSERT INTO `AttributeValue` (`AttrVal_id`, `AttrVal_Value`, `AttrVal_Attr_id`, `AttrVal_Prod_id`, `AttrVal_Price`) VALUES ('28', 'red purple', '8', '4', '0');
INSERT INTO `AttributeValue` (`AttrVal_id`, `AttrVal_Value`, `AttrVal_Attr_id`, `AttrVal_Prod_id`, `AttrVal_Price`) VALUES ('29', 'extra small', '9', '4', '-0.50');
INSERT INTO `AttributeValue` (`AttrVal_id`, `AttrVal_Value`, `AttrVal_Attr_id`, `AttrVal_Prod_id`, `AttrVal_Price`) VALUES ('30', 'small', '9', '4', '0');
INSERT INTO `AttributeValue` (`AttrVal_id`, `AttrVal_Value`, `AttrVal_Attr_id`, `AttrVal_Prod_id`, `AttrVal_Price`) VALUES ('31', 'medium', '9', '4', '0');
INSERT INTO `AttributeValue` (`AttrVal_id`, `AttrVal_Value`, `AttrVal_Attr_id`, `AttrVal_Prod_id`, `AttrVal_Price`) VALUES ('32', 'large', '9', '4', '0');
INSERT INTO `AttributeValue` (`AttrVal_id`, `AttrVal_Value`, `AttrVal_Attr_id`, `AttrVal_Prod_id`, `AttrVal_Price`) VALUES ('33', 'male', '10', '4', '0');
INSERT INTO `AttributeValue` (`AttrVal_id`, `AttrVal_Value`, `AttrVal_Attr_id`, `AttrVal_Prod_id`, `AttrVal_Price`) VALUES ('34', 'female', '10', '4', '0');
INSERT INTO `AttributeValue` (`AttrVal_id`, `AttrVal_Value`, `AttrVal_Attr_id`, `AttrVal_Prod_id`, `AttrVal_Price`) VALUES ('35', 'blue', '11', '5', '0');
INSERT INTO `AttributeValue` (`AttrVal_id`, `AttrVal_Value`, `AttrVal_Attr_id`, `AttrVal_Prod_id`, `AttrVal_Price`) VALUES ('36', 'purple', '11', '5', '0');
INSERT INTO `AttributeValue` (`AttrVal_id`, `AttrVal_Value`, `AttrVal_Attr_id`, `AttrVal_Prod_id`, `AttrVal_Price`) VALUES ('37', 'yellow', '11', '5', '2.00');
INSERT INTO `AttributeValue` (`AttrVal_id`, `AttrVal_Value`, `AttrVal_Attr_id`, `AttrVal_Prod_id`, `AttrVal_Price`) VALUES ('38', 'medium', '12', '5', '0');
INSERT INTO `AttributeValue` (`AttrVal_id`, `AttrVal_Value`, `AttrVal_Attr_id`, `AttrVal_Prod_id`, `AttrVal_Price`) VALUES ('39', 'large', '12', '5', '0');
INSERT INTO `AttributeValue` (`AttrVal_id`, `AttrVal_Value`, `AttrVal_Attr_id`, `AttrVal_Prod_id`, `AttrVal_Price`) VALUES ('40', 'male', '13', '5', '0');
INSERT INTO `AttributeValue` (`AttrVal_id`, `AttrVal_Value`, `AttrVal_Attr_id`, `AttrVal_Prod_id`, `AttrVal_Price`) VALUES ('41', 'female', '13', '5', '0');
INSERT INTO `AttributeValue` (`AttrVal_id`, `AttrVal_Value`, `AttrVal_Attr_id`, `AttrVal_Prod_id`, `AttrVal_Price`) VALUES ('42', '5', '14', '6', '0');
INSERT INTO `AttributeValue` (`AttrVal_id`, `AttrVal_Value`, `AttrVal_Attr_id`, `AttrVal_Prod_id`, `AttrVal_Price`) VALUES ('43', '6', '14', '6', '0');
INSERT INTO `AttributeValue` (`AttrVal_id`, `AttrVal_Value`, `AttrVal_Attr_id`, `AttrVal_Prod_id`, `AttrVal_Price`) VALUES ('44', '7', '14', '6', '0');
INSERT INTO `AttributeValue` (`AttrVal_id`, `AttrVal_Value`, `AttrVal_Attr_id`, `AttrVal_Prod_id`, `AttrVal_Price`) VALUES ('45', '8', '14', '6', '0');
INSERT INTO `AttributeValue` (`AttrVal_id`, `AttrVal_Value`, `AttrVal_Attr_id`, `AttrVal_Prod_id`, `AttrVal_Price`) VALUES ('46', '9', '14', '6', '0');
INSERT INTO `AttributeValue` (`AttrVal_id`, `AttrVal_Value`, `AttrVal_Attr_id`, `AttrVal_Prod_id`, `AttrVal_Price`) VALUES ('47', 'green', '15', '7', '0');
INSERT INTO `AttributeValue` (`AttrVal_id`, `AttrVal_Value`, `AttrVal_Attr_id`, `AttrVal_Prod_id`, `AttrVal_Price`) VALUES ('48', 'grey', '15', '7', '0');
INSERT INTO `AttributeValue` (`AttrVal_id`, `AttrVal_Value`, `AttrVal_Attr_id`, `AttrVal_Prod_id`, `AttrVal_Price`) VALUES ('49', 'red', '15', '7', '0');
INSERT INTO `AttributeValue` (`AttrVal_id`, `AttrVal_Value`, `AttrVal_Attr_id`, `AttrVal_Prod_id`, `AttrVal_Price`) VALUES ('50', 'teal', '15', '7', '0');
INSERT INTO `AttributeValue` (`AttrVal_id`, `AttrVal_Value`, `AttrVal_Attr_id`, `AttrVal_Prod_id`, `AttrVal_Price`) VALUES ('51', 'small', '16', '8', '0');
INSERT INTO `AttributeValue` (`AttrVal_id`, `AttrVal_Value`, `AttrVal_Attr_id`, `AttrVal_Prod_id`, `AttrVal_Price`) VALUES ('52', 'medium', '17', '9', '0');
INSERT INTO `AttributeValue` (`AttrVal_id`, `AttrVal_Value`, `AttrVal_Attr_id`, `AttrVal_Prod_id`, `AttrVal_Price`) VALUES ('53', 'large', '17', '9', '0');